canonical_glomerulus,receptor_consensus,receptor_potter_task_2022,receptor_odour_scenes,receptor_door,sensillum_consensus,sensillum_potter_task_2022,sensillum_odour_scenes,sensillum_door,co_receptor_door,orco_t2a_qf2,ir8a_t2a_qf2,ir76b_t2a_qf2,ir25a_t2a_qf2,key_ligand,odour_scene,valence,fbbt_id,vfb_name,vfb_synonyms,projection_neuron_lines,projection_neuron_line_source,gh146_gal4,gh146_pn_female,gh146_pn_male,chat_gal4,chat_soma_count,chat_adpn,chat_lpn,chat_vpn,sensory_neuron_lines,present_grabe_2015,present_hemibrain,present_flywire,present_door_map,present_door_mappings,present_potter_task_2022,present_bates_schlegel_2020
D,"Or69aA, Or69aB; Or69aA/B; Or69a","Or69aA, Or69aB",Or69aA/B,Or69a,Ab9A; ab9,Ab9A,ab9A,ab9,Orco,Yes,Variable,No,No,linalool,dangerous,aversive,FBbt_00003960,antennal lobe glomerulus D,"""antennal glomerulus D"" EXACT []",GH146-GAL4; ChAT-GAL4,Grabe 2015 Table S1; Grabe 2015 Table S2,positive,4 (0.7),4 (1),positive,4,4 (0.8),,,Orco-T2A-QF2; Ir8a-T2A-QF2,direct,direct,direct,direct,direct,direct,direct
DA1,Or67d,Or67d,Or67d,Or67d,At1A; at1,At1A,at1,at1,Orco,Yes,No,Variable,Yes,cis-vaccenyl acetate,pheromones,unclear,FBbt_00003932,antennal lobe glomerulus DA1,"""antennal glomerulus DA1"" EXACT []",GH146-GAL4; ChAT-GAL4,Grabe 2015 Table S1; Grabe 2015 Table S2,positive,8 (1.9),10 (1),positive,9,,8 (1.8),1 (0),Orco-T2A-QF2; Ir76b-T2A-QF2; Ir25a-T2A-QF2,direct,direct,direct,direct,direct,direct,direct
DA2,"Or56a, Or33a; Or56a; Or33a+56a","Or56a, Or33a",Or56a,Or33a+56a,Ab4B; ab4,Ab4B,ab4,ab4,Orco,Yes,No,No,Yes,geosmin,dangerous,aversive,FBbt_00003933,antennal lobe glomerulus DA2,"""antennal glomerulus DA2"" EXACT []",GH146-GAL4; ChAT-GAL4,Grabe 2015 Table S1; Grabe 2015 Table S2,positive,6.5 (1),5 (1.3),positive,5.5,0.5 (1),5 (1.3),,Orco-T2A-QF2; Ir25a-T2A-QF2,direct,direct,direct,direct,direct,direct,direct
DA3,Or23a,Or23a,Or23a,Or23a,Ai2B (At2B); ai2A; at2,Ai2B (At2B),ai2A,at2,Orco,Yes,No,No,Yes,1-pentanol,fruity,appetitive,FBbt_00003934,antennal lobe glomerulus DA3,"""antennal glomerulus DA3"" EXACT []",,,negative,,,,,,,,Orco-T2A-QF2; Ir25a-T2A-QF2,direct,direct,direct,direct,direct,direct,direct
DA4l,Or43a,Or43a,Or43a,Or43a,Ai3C (At3C); ai2C; at3,Ai3C (At3C),ai2C,at3,Orco,Yes,No,No,Yes,1-hexanol,dangerous,unclear,FBbt_00007360,antennal lobe glomerulus DA4l,"""antennal lobe glomerulus DA4 lateral compartment"" EXACT [] | ""DA4l"" EXACT [FlyBase:FBrf0187305]",GH146-GAL4; ChAT-GAL4,Grabe 2015 Table S1; Grabe 2015 Table S2,positive,1 (0),1 (1.2),positive,1,1 (0.8),,,Orco-T2A-QF2; Ir25a-T2A-QF2,direct,direct,direct,direct,direct,direct,direct
DA4m,Or2a,Or2a,Or2a,Or2a,Ai3B (At3B); ai3A; at3,Ai3B (At3B),ai3A,at3,Orco,Yes,No,No,Yes,unknown,unknown,aversive,FBbt_00007361,antennal lobe glomerulus DA4m,"""antennal lobe glomerulus DA4 medial compartment"" EXACT [] | ""DA4m"" EXACT [FlyBase:FBrf0187305]",,,negative,,,,,,,,Orco-T2A-QF2; Ir25a-T2A-QF2,direct,direct,direct,direct,direct,direct,direct
DC1,"Or19a, Or19b; Or19a; Or19a+b","Or19a, Or19b",Or19a,Or19a+b,Ai3A (At3A); ai3B; at3,Ai3A (At3A),ai3B,at3,Orco,Yes,No,No,Yes,valencene; 2-nonanone,fruity; dangerous,unclear,FBbt_00003961,antennal lobe glomerulus DC1,"""antennal glomerulus DC1"" EXACT []",GH146-GAL4; ChAT-GAL4,Grabe 2015 Table S1; Grabe 2015 Table S2,positive,1 (0.5),1 (0),positive,1,1 (0.4),,,Orco-T2A-QF2; Ir25a-T2A-QF2,direct,direct,direct,direct,direct,direct,direct
DC2,Or13a,Or13a,Or13a,Or13a,Ai1A (Ab6A); ab6,Ai1A (Ab6A),ab6,ab6,Orco,Yes,No,No,Yes,6-methyl-5-hepten-2-ol,plant_matter,aversive,FBbt_00003962,antennal lobe glomerulus DC2,"""antennal glomerulus DC2"" EXACT []",GH146-GAL4; ChAT-GAL4,Grabe 2015 Table S1; Grabe 2015 Table S2,positive,2 (0.9),2 (0),positive,2,2 (0.7),,,Orco-T2A-QF2; Ir25a-T2A-QF2,direct,direct,direct,direct,direct,direct,direct
DC3,Or83c,Or83c,Or83c,Or83c,Ai2A (At2A); ai2A; at2,Ai2A (At2A),ai2A,at2,Orco,Yes,No,Yes,Variable,farnesol,pheromones,unclear,FBbt_00003963,antennal lobe glomerulus DC3,"""antennal glomerulus DC3"" EXACT []",GH146-GAL4; ChAT-GAL4,Grabe 2015 Table S1; Grabe 2015 Table S2,positive,4 (0.45),2 (0.6),positive,3.5,3.5 (0.9),,,Orco-T2A-QF2; Ir76b-T2A-QF2; Ir25a-T2A-QF2,direct,direct,direct,direct,direct,direct,direct
DC4,Ir64a,Ir64a,Ir64a,Ir64a,"Sacculus, Chamber III; sacIII","Sacculus, Chamber III",sacIII,sacIII,Ir8a,Variable,Yes,No,Yes,protons,dangerous,aversive,FBbt_00100531,antennal lobe glomerulus DC4,"""antennal glomerulus 1"" RELATED [FlyBase:FBrf0219809] | ""antennal glomerulus DC4"" EXACT []",,,negative,,,,,,,,Orco-T2A-QF2; Ir8a-T2A-QF2; Ir25a-T2A-QF2,direct,direct,direct,direct,direct,direct,direct
DL1,"Or10a, Gr10a; Or10a; Or10a+Gr10a","Or10a, Gr10a",Or10a,Or10a+Gr10a,Ab1D; ab1,Ab1D,ab1,ab1,Orco,Yes,Yes,Yes,Yes,methyl salicytate,fruity,aversive,FBbt_00003968,antennal lobe glomerulus DL1,"""antennal glomerulus DL1"" EXACT []",GH146-GAL4; ChAT-GAL4,Grabe 2015 Table S1; Grabe 2015 Table S2,positive,3 (0.6),2 (0.6),positive,2.5,2.5 (0.5),,,Orco-T2A-QF2; Ir8a-T2A-QF2; Ir76b-T2A-QF2; Ir25a-T2A-QF2,direct,direct,direct,direct,direct,direct,direct
DL2d,Ir75b; Ir75a/b (subset Ir75c) (co Ir8a),Ir75b,Ir75a/b (subset Ir75c) (co Ir8a),,Ac3A,Ac3A,ac3A,,,Yes,Yes,No,Yes,butyric acid,decaying_fruit,unclear,FBbt_00100377,antennal lobe glomerulus DL2d,"""antennal lobe glomerulus DL2 dorsal compartment"" EXACT [] | ""DL2d"" EXACT [FlyBase:FBrf0211729]",,,negative,,,,,,,,Orco-T2A-QF2; Ir8a-T2A-QF2; Ir25a-T2A-QF2,direct,direct,direct,direct,alias:DL2d/v;DL2d/v+VC3,direct,direct
DL2v,Ir75c; Ir75a/b (subset Ir75c) (co Ir8a),Ir75c,Ir75a/b (subset Ir75c) (co Ir8a),,Ac3A,Ac3A,ac3A,,,Yes,Yes,No,Yes,butyric acid,decaying_fruit,unclear,FBbt_00100376,antennal lobe glomerulus DL2v,"""antennal lobe glomerulus DL2 ventral compartment"" EXACT [] | ""DL2v"" EXACT [FlyBase:FBrf0211729]",,,negative,,,,,,,,Orco-T2A-QF2; Ir8a-T2A-QF2; Ir25a-T2A-QF2,direct,direct,direct,direct,alias:DL2d/v;DL2d/v+VC3,direct,direct
DL3,"Or65a, Or65b, Or65c; Or65a+b+c","Or65a, Or65b, Or65c","Or65a, Or65b, Or65c",Or65a+b+c,At4B; at4,At4B,at4B,at4,Orco,Yes,No,No,Yes,cis-vaccenyl acetate,pheromones,unclear,FBbt_00003964,antennal lobe glomerulus DL3,"""antennal glomerulus DL3"" EXACT []",GH146-GAL4; ChAT-GAL4,Grabe 2015 Table S1; Grabe 2015 Table S2,positive,5 (1.1),6 (1.3),positive,5,,5 (1),,Orco-T2A-QF2; Ir25a-T2A-QF2,direct,direct,direct,direct,direct,direct,direct
DL4,"Or49a, Or85f; Or49a+85f","Or49a, Or85f","Or49a, Or85f",Or49a+85f,Ab10B; ab10A; ab10,Ab10B,ab10A,ab10,Orco,Yes,No,No,Yes,iridomyrmycin,dangerous,aversive,FBbt_00003965,antennal lobe glomerulus DL4,"""antennal glomerulus DL4"" EXACT []",GH146-GAL4; ChAT-GAL4,Grabe 2015 Table S1; Grabe 2015 Table S2,positive,1 (0.4),1 (0),positive,1,1 (0.3),,,Orco-T2A-QF2; Ir25a-T2A-QF2,direct,direct,direct,direct,direct,direct,direct
DL5,Or7a,Or7a,Or7a,Or7a,Ab4A; ab4,Ab4A,ab4A,ab4,Orco,Yes,No,No,Variable,ethanol; benzaldehyde; 2-nonanone; trans-2-hexen-1-al; green leaf volatiles,alcoholic_fermentation; dangerous; plant_matter,aversive,FBbt_00003970,antennal lobe glomerulus DL5,"""antennal glomerulus DL5"" EXACT []",GH146-GAL4; ChAT-GAL4,Grabe 2015 Table S1; Grabe 2015 Table S2,positive,1 (0.6),1 (0),positive,1,1 (0.3),,,Orco-T2A-QF2; Ir25a-T2A-QF2,direct,direct,direct,direct,direct,direct,direct
DM1,Or42b,Or42b,Or42b,Or42b,Ab1A; ab1,Ab1A,ab1,ab1,Orco,Yes,No,No,Yes,ethyl acetate; propyl acetate,yeasty,appetitive,FBbt_00003975,antennal lobe glomerulus DM1,"""antennal glomerulus DM1"" EXACT []",GH146-GAL4; ChAT-GAL4,Grabe 2015 Table S1; Grabe 2015 Table S2,positive,1 (0),1 (0),positive,1,,1 (0),,Orco-T2A-QF2; Ir25a-T2A-QF2,direct,direct,direct,direct,direct,direct,direct
DM2,"Or22a, Or22b; Or22a/b; Or22a+b","Or22a, Or22b",Or22a/b,Or22a+b,Ab3A; ab3,Ab3A,ab3A,ab3,Orco,Yes,No,No,Yes,ethanol; ethyl hexanoate; hexyl acetate; ethyl butyrate,alcoholic_fermentation; fruity,appetitive; unclear,FBbt_00003971,antennal lobe glomerulus DM2,"""antennal glomerulus DM2"" EXACT []",GH146-GAL4; ChAT-GAL4,Grabe 2015 Table S1; Grabe 2015 Table S2,positive,2 (0),2 (0),positive,2,,2 (0),,Orco-T2A-QF2; Ir25a-T2A-QF2,direct,direct,direct,direct,direct,direct,direct
DM3,"Or47a, Or33b; Or47a; Or47a+33b","Or47a, Or33b",Or47a,Or47a+33b,Ab5B; ab5,Ab5B,ab5B,ab5,Orco,Yes,No,No,No,"amyl acetate; 2,5-dimethylpyrazine",yeasty; fruity; dangerous,unclear; aversive,FBbt_00003972,antennal lobe glomerulus DM3,"""antennal glomerulus DM3"" EXACT []",GH146-GAL4; ChAT-GAL4,Grabe 2015 Table S1; Grabe 2015 Table S2,positive,1 (0),2 (0.8),positive,1,1 (0.7),,,Orco-T2A-QF2,direct,direct,direct,direct,direct,direct,direct
DM4,Or59b,Or59b,Or59b,Or59b,Ab2A; ab2,Ab2A,ab2,ab2,Orco,Yes,No,No,Yes,ethyl acetate,yeasty,appetitive,FBbt_00003976,antennal lobe glomerulus DM4,"""antennal glomerulus DM4"" EXACT []",GH146-GAL4; ChAT-GAL4,Grabe 2015 Table S1; Grabe 2015 Table S2,positive,1 (0),1 (0),positive,1,1 (0),,,Orco-T2A-QF2; Ir25a-T2A-QF2,direct,direct,direct,direct,direct,direct,direct
DM5,"Or85a, Or33b; Or85a+33b","Or85a, Or33b","Or85a, Or33b",Or85a+33b,Ab2B; ab2,Ab2B,ab2,ab2,Orco,Yes,No,No,No,ethyl-3-hydroxybutyrate,yeasty,aversive,FBbt_00003940,antennal lobe glomerulus DM5,"""antennal glomerulus DM5"" EXACT []",GH146-GAL4; ChAT-GAL4,Grabe 2015 Table S1; Grabe 2015 Table S2,positive,2 (0.5),1 (0.6),positive,2,,2 (0.5),,Orco-T2A-QF2,direct,direct,direct,direct,direct,direct,direct
DM6,Or67a,Or67a,Or67a,Or67a,Ab10A; ab10B; ab10,Ab10A,ab10B,ab10,Orco,Yes,No,No,Yes,2-phenylethanol,yeasty,unclear,FBbt_00003941,antennal lobe glomerulus DM6,"""antennal glomerulus DM6"" EXACT []",GH146-GAL4; ChAT-GAL4,Grabe 2015 Table S1; Grabe 2015 Table S2,positive,3 (0.4),3 (0.5),positive,3,3 (0.4),,,Orco-T2A-QF2; Ir25a-T2A-QF2,direct,direct,direct,direct,direct,direct,direct
DP1l,Ir75a; Ir75a (co Ir8a),Ir75a,Ir75a (co Ir8a),Ir75a,Ac2; ac2A,Ac2,ac2A,ac2,Ir8a,Yes,Yes,Yes,Yes,acetic acid,alcoholic_fermentation,unclear,FBbt_00007098,antennal lobe glomerulus DP1l,"""antennal lobe glomerulus DP1 lateral compartment"" EXACT [] | ""DP1l"" EXACT []",,,negative,,,,,,,,Orco-T2A-QF2; Ir8a-T2A-QF2; Ir76b-T2A-QF2; Ir25a-T2A-QF2,direct,direct,direct,direct,direct,direct,direct
DP1m,Ir64a,Ir64a,Ir64a,Ir64a,"Sacculus, Chamber III; sacIII","Sacculus, Chamber III",sacIII,sacIII,Ir8a,No,Yes,Yes,Yes,acetic acid,alcoholic_fermentation,aversive,FBbt_00007097,antennal lobe glomerulus DP1m,"""antennal lobe glomerulus DP1 medial compartment"" EXACT [] | ""DP1m"" EXACT []",GH146-GAL4; ChAT-GAL4,Grabe 2015 Table S1; Grabe 2015 Table S2,positive,1 (0),1 (0),positive,1,1 (0),,,Ir8a-T2A-QF2; Ir76b-T2A-QF2; Ir25a-T2A-QF2,direct,direct,direct,direct,direct,direct,direct
V,"Gr21a, Gr63a; Gr21a/Gr63a; Gr21a+Gr63a","Gr21a, Gr63a",Gr21a/Gr63a,Gr21a+Gr63a,Ab1C; ab1,Ab1C,ab1,ab1,,Yes,No,No,Yes,carbon dioxide,alcoholic_fermentation,aversive,FBbt_00003951,antennal lobe glomerulus V,"""antennal glomerulus V"" EXACT [] | ""V glomerulus"" EXACT [FlyBase:FBrf0219809]",GH146-GAL4,Grabe 2015 Table S1,positive,5.5 (0.57)^b,,,,,,,Orco-T2A-QF2; Ir25a-T2A-QF2; Gr21a/Gr63a,direct,direct,direct,direct,direct,direct,direct
VA1d,Or88a,Or88a,Or88a,Or88a,At4C; at4,At4C,at4C,at4,Orco,Yes,No,No,Yes,methyl palmitate,pheromones,unclear,FBbt_00007101,antennal lobe glomerulus VA1d,"""antennal lobe glomerulus VA1 dorsal compartment"" EXACT [] | ""VA1d"" EXACT []",GH146-GAL4; ChAT-GAL4,Grabe 2015 Table S1; Grabe 2015 Table S2,positive,3 (1),3 (0),positive,3,3 (0.8),,,Orco-T2A-QF2; Ir25a-T2A-QF2,direct,direct,direct,direct,direct,direct,direct
VA1v,Or47b,Or47b,Or47b,Or47b,At4A; at4,At4A,at4A,at4,Orco,Yes,No,No,Yes,methyl laurate,pheromones,appetitive,FBbt_00007363,antennal lobe glomerulus VA1v,"""antennal lobe glomerulus VA1 ventral compartment"" EXACT [] | ""VA1l"" NARROW [FlyBase:FBrf0205720] | ""VA1lm"" EXACT [FlyBase:FBrf0205720] | ""VA1m"" NARROW [FlyBase:FBrf0205720] | ""VA1v"" EXACT []",GH146-GAL4; ChAT-GAL4,Grabe 2015 Table S1; Grabe 2015 Table S2,positive,6 (0.9),5 (1),positive,5,4 (0.8),,1 (0.5),Orco-T2A-QF2; Ir25a-T2A-QF2,direct,direct,direct,direct,direct,direct,direct
VA2,Or92a,Or92a,Or92a,Or92a,Ab1B; ab1,Ab1B,ab1,ab1,Orco,Yes,No,No,Yes,"2,3-butanedione; acetoin",alcoholic_fermentation,appetitive,FBbt_00003942,antennal lobe glomerulus VA2,"""antennal glomerulus VA2"" EXACT []",GH146-GAL4; ChAT-GAL4,Grabe 2015 Table S1; Grabe 2015 Table S2,positive,1 (0.4),1 (0.5),positive,1,1 (0.4),,,Orco-T2A-QF2; Ir25a-T2A-QF2,direct,direct,direct,direct,direct,direct,direct
VA3,Or67b,Or67b,Or67b,Or67b,Ab9B; ab9,Ab9B,ab9B,ab9,Orco,Yes,Yes,Yes,Yes,amyl acetate; 2-phenylethanol; acetophenone,yeasty; fruity,appetitive,FBbt_00003943,antennal lobe glomerulus VA3,"""antennal glomerulus VA3"" EXACT []",GH146-GAL4,Grabe 2015 Table S1,positive,2 (0.5),2 (0.5),,,,,,Orco-T2A-QF2; Ir8a-T2A-QF2; Ir76b-T2A-QF2; Ir25a-T2A-QF2,direct,direct,direct,direct,direct,direct,direct
VA4,Or85d,Or85d,Or85d,Or85d,Pb3B; pb3,Pb3B,pb3,pb3,Orco,Yes,No,No,Yes,2-phenylethyl acetate,yeasty,unclear,FBbt_00003944,antennal lobe glomerulus VA4,"""antennal glomerulus VA4"" EXACT []",GH146-GAL4; ChAT-GAL4,Grabe 2015 Table S1; Grabe 2015 Table S2,positive,2 (0),1 (0),positive,1,,1 (0.5),,Orco-T2A-QF2; Ir25a-T2A-QF2,direct,direct,direct,direct,direct,direct,direct
VA5,Or49b,Or49b,Or49b,Or49b,Ai1B (Ab6B); ab6B; ab6,Ai1B (Ab6B),ab6B,ab6,Orco,Yes,Yes,Yes,Yes,2-methyl phenol,animal_matter,aversive,FBbt_00003937,antennal lobe glomerulus VA5,"""antennal glomerulus VA5"" EXACT []",GH146-GAL4; ChAT-GAL4,Grabe 2015 Table S1; Grabe 2015 Table S2,positive,2 (0.5),3 (0.75),positive,3,,3 (0.7),,Orco-T2A-QF2; Ir8a-T2A-QF2; Ir76b-T2A-QF2; Ir25a-T2A-QF2,direct,direct,direct,direct,direct,direct,direct
VA6,Or82a,Or82a,Or82a,Or82a,Ab5A; ab5,Ab5A,ab5A,ab5,Orco,Yes,Yes,Yes,Yes,geranyl acetate; geranylacetone,yeasty; plant_matter,aversive,FBbt_00003938,antennal lobe glomerulus VA6,"""antennal glomerulus VA6"" EXACT []",GH146-GAL4; ChAT-GAL4,Grabe 2015 Table S1; Grabe 2015 Table S2,positive,1 (0.4),2.5 (1.3),positive,1,1 (1),,,Orco-T2A-QF2; Ir8a-T2A-QF2; Ir76b-T2A-QF2; Ir25a-T2A-QF2,direct,direct,direct,direct,direct,direct,direct
VA7l,Or46a; Or46aA,Or46a,Or46aA,Or46a,Pb2B; pb2,Pb2B,pb2,pb2,Orco,Yes,No,No,Yes,phenols,animal_matter,aversive,FBbt_00007103,antennal lobe glomerulus VA7l,"""antennal lobe glomerulus VA7 lateral compartment"" EXACT [] | ""VA7l"" EXACT []",GH146-GAL4; ChAT-GAL4,Grabe 2015 Table S1; Grabe 2015 Table S2,positive,1 (0.5),1 (0),positive,2,2 (1.2),,,Orco-T2A-QF2; Ir25a-T2A-QF2,direct,direct,direct,direct,direct,direct,direct
VA7m,UNK,UNK,,,UNK,UNK,,,,Yes,No,Variable,Yes,unknown; benzaldehyde,unknown; dangerous,aversive,FBbt_00007102,antennal lobe glomerulus VA7m,"""antennal lobe glomerulus VA7 medial compartment"" EXACT [] | ""VA7m"" EXACT []",GH146-GAL4; ChAT-GAL4,Grabe 2015 Table S1; Grabe 2015 Table S2,positive,3 (0),3 (0.6),positive,2.5,,2.5 (1),,Orco-T2A-QF2; Ir76b-T2A-QF2; Ir25a-T2A-QF2,direct,direct,direct,,direct,direct,direct
VC1,"Or33c, Or85e; Or33c/Or85e; Or33c+85e","Or33c, Or85e",Or33c/Or85e,Or33c+85e,Pb2A; pb2,Pb2A,pb2,pb2,Orco,Yes,No,No,Yes,fenchone; cyclohexanone,plant_matter,unclear,FBbt_00003952,antennal lobe glomerulus VC1,"""antennal glomerulus VC1"" EXACT []",GH146-GAL4; ChAT-GAL4,Grabe 2015 Table S1; Grabe 2015 Table S2,positive,1 (0.5),2 (0.5),positive,2,,2 (0.5),,Orco-T2A-QF2; Ir25a-T2A-QF2,direct,direct,direct,direct,direct,direct,direct
VC2,Or71a,Or71a,Or71a,Or71a,Pb1B; pb1,Pb1B,pb1,pb1,Orco,Yes,No,No,Yes,4-ethygluaiacol,yeasty,appetitive,FBbt_00003946,antennal lobe glomerulus VC2,"""antennal glomerulus VC2"" EXACT []",GH146-GAL4; ChAT-GAL4,Grabe 2015 Table S1; Grabe 2015 Table S2,positive,1 (0.5),3 (1.5),positive,3,,3 (1.4),,Orco-T2A-QF2; Ir25a-T2A-QF2,direct,direct,direct,direct,direct,direct,direct
VC3,Or35a; OR35a,Or35a,OR35a,Or35a,Ac3B; ac3,Ac3B,ac3,ac3,"Orco, Ir76b",Yes,Yes,Yes,Yes,1-hexanol; green leaf volatiles,dangerous; plant_matter,aversive,FBbt_00003953,antennal lobe glomerulus VC3,"""antennal glomerulus VC3"" EXACT [] | ""antennal lobe glomerulus VC3 lateral compartment"" EXACT [FlyBase:FBrf0107836] | ""antennal lobe glomerulus VC3l"" RELATED [FlyBase:FBrf0249560]",,,negative,,,,,,,,Orco-T2A-QF2; Ir8a-T2A-QF2; Ir76b-T2A-QF2; Ir25a-T2A-QF2,direct,direct,direct,direct,direct,direct,direct
VC4,Or67c,Or67c,Or67c,Or67c,Ab7B; ab7,Ab7B,ab7B,ab7,Orco,Yes,No,Yes,Yes,ethyl lactate,alcoholic_fermentation,unclear,FBbt_00007366,antennal lobe glomerulus VC4,"""antennal glomerulus VC4"" EXACT []",,,negative,,,,,,,,Orco-T2A-QF2; Ir76b-T2A-QF2; Ir25a-T2A-QF2,direct,direct,direct,direct,direct,direct,direct
VC5,Ir41a,Ir41a,Ir41a,Ir41a,Ac2,Ac2,ac2,ac2,Ir76b,No,Yes,Yes,Yes,polyamines,decaying_fruit,unclear,FBbt_00007104,antennal lobe glomerulus VC5,"""antennal lobe glomerulus VC3 medial compartment"" EXACT [] | ""antennal lobe glomerulus VC3m"" EXACT [FlyBase:FBrf0249560]",,,negative,,,,,,,,Ir8a-T2A-QF2; Ir76b-T2A-QF2; Ir25a-T2A-QF2,direct,direct,direct,direct,direct,direct,direct
VL1,Ir75d; Ir75d (co Ir25a),Ir75d,Ir75d (co Ir25a),Ir75d,"Ac1, Ac2, Ac4; ac1B/2B/4B","Ac1, Ac2, Ac4",ac1B/2B/4B,"ac1, ac2, ac4",Ir25a,Yes,Yes,Yes,Yes,pyrrolidine,decaying_fruit,unclear,FBbt_00003954,antennal lobe glomerulus VL1,"""antennal glomerulus VL1"" EXACT []",,,negative,,,,,,,,Orco-T2A-QF2; Ir8a-T2A-QF2; Ir76b-T2A-QF2; Ir25a-T2A-QF2,direct,direct,direct,direct,direct,direct,direct
VL2a,Ir84a; Ir84a (co Ir8a),Ir84a,Ir84a (co Ir8a),Ir84a,Ac4; ac4C,Ac4,ac4C,ac4,Ir8a,Yes,Yes,Yes,Yes,polyamines; phenylacetaldehyde,decaying_fruit; plant_matter,unclear,FBbt_00007106,antennal lobe glomerulus VL2a,"""antennal lobe glomerulus VL2 anterior compartment"" EXACT [] | ""VL2a"" EXACT []",GH146-GAL4; ChAT-GAL4,Grabe 2015 Table S1; Grabe 2015 Table S2,positive,1 (0)^c,2 (1)^c,positive,1,1 (0.8),,,Orco-T2A-QF2; Ir8a-T2A-QF2; Ir76b-T2A-QF2; Ir25a-T2A-QF2,direct,direct,direct,direct,direct,direct,direct
VL2p,Ir31a; Ir31a (co Ir8a),Ir31a,Ir31a (co Ir8a),Ir31a,Ac1; ac1A,Ac1,ac1A,ac1,Ir8a,No,Yes,Yes,Yes,polyamines; 2-oxopentanoic acid,decaying_fruit; animal_matter,unclear,FBbt_00007107,antennal lobe glomerulus VL2p,"""antennal lobe glomerulus VL2 posterior compartment"" EXACT [] | ""VL2p"" EXACT []",GH146-GAL4; ChAT-GAL4,Grabe 2015 Table S1; Grabe 2015 Table S2,positive,3 (0),1 (0.5),positive,1,1 (0.4),,,Ir8a-T2A-QF2; Ir76b-T2A-QF2; Ir25a-T2A-QF2,direct,direct,direct,direct,direct,direct,direct
VM1,Ir92a; Ir92a (co Ir25a+Ir76b),Ir92a,Ir92a (co Ir25a+Ir76b),Ir92a,Ac1; ac1C,Ac1,ac1C,ac1,"Ir25a, Ir76b",No,Yes,Yes,Yes,ammonia,decaying_fruit,appetitive,FBbt_00003956,antennal lobe glomerulus VM1,"""antennal glomerulus VM1"" EXACT []",GH146-GAL4; ChAT-GAL4,Grabe 2015 Table S1; Grabe 2015 Table S2,positive,2 (0.4),1.5 (1),positive,2,,2 (0.7),,Ir8a-T2A-QF2; Ir76b-T2A-QF2; Ir25a-T2A-QF2,direct,direct,direct,direct,direct,direct,direct
VM2,Or43b,Or43b,Or43b,Or43b,Ab8A; ab8,Ab8A,ab8A,ab8,Orco,Yes,No,No,No,ethyl butyrate,fruity,appetitive,FBbt_00003947,antennal lobe glomerulus VM2,"""antennal glomerulus VM2"" EXACT []",GH146-GAL4; ChAT-GAL4,Grabe 2015 Table S1; Grabe 2015 Table S2,positive,3 (0.8),2 (0),positive,2,2 (0.9),,,Orco-T2A-QF2,direct,direct,direct,direct,direct,direct,direct
VM3,Or9a,Or9a,Or9a,Or9a,Ab8B; ab8,Ab8B,ab8B,ab8,Orco,Yes,No,No,No,"2,3-butanedione; acetoin",alcoholic_fermentation,aversive,FBbt_00003948,antennal lobe glomerulus VM3,"""antennal glomerulus VM3"" EXACT []",GH146-GAL4; ChAT-GAL4,Grabe 2015 Table S1; Grabe 2015 Table S2,positive,2 (0.5),2 (0.6),positive,2,2 (0.6),,,Orco-T2A-QF2,direct,direct,direct,direct,direct,direct,direct
VM4,Ir76a; Ir76a (co Ir76b + Ir25a),Ir76a,Ir76a (co Ir76b + Ir25a),Ir76a,Ac4; ac4A,Ac4,ac4A,ac4,"Ir25a, Ir76b",Yes,Yes,Yes,Yes,phenylathylamine,decaying_fruit,unclear,FBbt_00003957,antennal lobe glomerulus VM4,"""antennal glomerulus VM4"" EXACT []",GH146-GAL4; ChAT-GAL4,Grabe 2015 Table S1; Grabe 2015 Table S2,positive,1 (0.5),1 (0.6),positive,1,1 (0.4),,,Orco-T2A-QF2; Ir8a-T2A-QF2; Ir76b-T2A-QF2; Ir25a-T2A-QF2,direct,direct,direct,direct,direct,direct,direct
VM5d,"Or85b?, Or98b?; Or85b; Or85b+98b","Or85b?, Or98b?",Or85b,Or85b+98b,Ab3B; ab3,Ab3B,ab3B,ab3,Orco,Yes,Variable,No,Yes,2-heptanone,fruity,appetitive,FBbt_00007391,antennal lobe glomerulus VM5d,"""antennal lobe glomerulus VM5 dorsal compartment"" EXACT []",,,negative,,,,,,,,Orco-T2A-QF2; Ir8a-T2A-QF2; Ir25a-T2A-QF2,direct,direct,direct,direct,direct,direct,direct
VM5v,Or98a,Or98a,Or98a,Or98a,Ab7A; ab7,Ab7A,ab7A,ab7,Orco,Yes,Yes,No,Yes,isomayl acetate; isoamyl acetate; ethyl benzoate,yeasty; fruity,appetitive; unclear,FBbt_00007365,antennal lobe glomerulus VM5v,"""antennal lobe glomerulus VM5 ventral compartment"" EXACT [] | ""VM5v"" EXACT []",GH146-GAL4,Grabe 2015 Table S1,positive,5 (0.5)^b,,,,,,,Orco-T2A-QF2; Ir8a-T2A-QF2; Ir25a-T2A-QF2,direct,direct,direct,direct,direct,direct,direct
VM6,Rh50/Amt,,Rh50/Amt,,ac1/sacIII,,ac1/sacIII,,,,,,,ammonia,decaying_fruit,appetitive,FBbt_00110029,antennal lobe glomerulus VM6,"""adult antennal glomerulus VC5"" RELATED [FlyBase:FBrf0249560] | ""antennal glomerulus VM6"" EXACT [FlyBase:FBrf0246460] | ""VC5 and VM6"" RELATED [FlyBase:FBrf0246460] | ""VM6+VP1"" RELATED [FlyBase:FBrf0246460, FlyBase:FBrf0249560]",,,negative,,,,,,,,,direct,direct,direct,,,,direct
VM6l*(new),"Rh50, Amt","Rh50, Amt",,,"Sacculus, Chamber III","Sacculus, Chamber III",,,,No,Yes (strong),No,Yes,,,,,,,,,,,,,,,,,Ir25a-T2A-QF2,,,,,,direct,
VM6m (new),"Rh50, Amt","Rh50, Amt",,,"Sacculus, Chamber III","Sacculus, Chamber III",,,,No,Yes (weak),No,Yes,,,,,,,,,,,,,,,,,Ir25a-T2A-QF2,,,,,,direct,
VM6v (VM6),"Rh50, Amt","Rh50, Amt",,,Ac1,Ac1,,,,No,Yes (weak),No,Yes,,,,,,,,,,,,,,,,,Ir25a-T2A-QF2,,,,,,direct,
VM7d,Or42a,Or42a,Or42a,Or42a,Pb1A; pb1,Pb1A,pb1,pb1,Orco,Yes,No,No,Yes,acetal; ethyl acetate,alcoholic_fermentation; yeasty,appetitive,FBbt_00110028,antennal lobe glomerulus VM7d,"""antennal lobe glomerulus VM7 dorsal compartment"" EXACT [] | ""VM7d"" EXACT []",GH146-GAL4; ChAT-GAL4,Grabe 2015 Table S1; Grabe 2015 Table S2,positive,2 (0.8),3 (0.4),positive,3,3 (0.8),,,Orco-T2A-QF2; Ir25a-T2A-QF2,direct,direct,direct,direct,direct,direct,direct
VM7v,Or59c,,Or59c,Or59c,pb3,,pb3,pb3,Orco,,,,,ethyl butyrate,fruity,unclear,FBbt_00007092,antennal lobe glomerulus VM7v,"""antennal lobe glomerulus 1"" RELATED [FlyBase:FBrf0187305, FlyBase:FBrf0219809] | ""antennal lobe glomerulus VM7 ventral compartment"" EXACT [] | ""VM7v"" EXACT []",GH146-GAL4; ChAT-GAL4,Grabe 2015 Table S1; Grabe 2015 Table S2,positive,3 (0.8),2.5 (1),positive,3,3 (0.9),,,,direct,direct,direct,direct,direct,,direct
VM7v (1),Or59c,Or59c,,,Pb3A,Pb3A,,,,Yes,No,No,Yes,,,,,,,,,,,,,,,,,Orco-T2A-QF2; Ir25a-T2A-QF2,,,,,,direct,
VP1,Ir40a,,,Ir40a,sacI,,,sacI,Ir25a,,,,,,,,FBbt_00003927,antennal lobe glomerulus VP1,"""antennal glomerulus VP1"" EXACT [] | ""column glomerulus"" EXACT [FlyBase:FBrf0236232]",,,negative,,,,,,,,,direct,,,direct,direct,,
VP1d,"Ir40a, Ir93a; Ir40a (co Ir25a)","Ir40a, Ir93a",Ir40a (co Ir25a),,"Sacculus, Chamber II; sacII","Sacculus, Chamber II",sacII,,,No,No,No,Yes,evaporation?,thermo_hygro,unclear,FBbt_00049639,antennal lobe glomerulus VP1d,"""adult antennal lobe dorsal VP1 glomerulus"" EXACT []",,,,,,,,,,,Ir25a-T2A-QF2,,direct,direct,,,direct,direct
VP1l,"Ir21a, Ir93a; Ir21a, (co Ir25a)","Ir21a, Ir93a","Ir21a, (co Ir25a)",,"Sacculus, Chamber I; sacI","Sacculus, Chamber I",sacI,,,No,No,No,Yes,cool,thermo_hygro,unclear,FBbt_00049640,antennal lobe glomerulus VP1l,"""adult antennal lobe lateral VP1 glomerulus"" EXACT []",,,,,,,,,,,Ir25a-T2A-QF2,,direct,direct,,,direct,direct
VP1m,"Ir68a, Ir93a; Ir68a (co Ir25a? unclear)","Ir68a, Ir93a",Ir68a (co Ir25a? unclear),,"Sacculus, Chamber I; sacI","Sacculus, Chamber I",sacI,,,No,No,No,Yes,humid,thermo_hygro,unclear,FBbt_00049641,antennal lobe glomerulus VP1m,"""adult antennal lobe medial VP1 glomerulus"" EXACT []",,,,,,,,,,,Ir25a-T2A-QF2,,direct,direct,,,direct,direct
VP2,"Gr28b.d, Ir93a; Gr28b, (co Ir25a)","Gr28b.d, Ir93a","Gr28b, (co Ir25a)",,Arista,Arista,arista,,,No,No,No,Yes,heating,thermo_hygro,unclear,FBbt_00003928,antennal lobe glomerulus VP2,"""antennal glomerulus VP2"" EXACT [] | ""hot glomerulus"" EXACT [FlyBase:FBrf0236232] | ""medial PAP"" EXACT [FlyBase:FBrf0213085] | ""medial proximal antennal protocerebrum"" EXACT [FlyBase:FBrf0213085] | ""PAL"" BROAD [FlyBase:FBrf0227880] | ""posterior antennal lobe"" BROAD [FlyBase:FBrf0227880] | ""VP2"" EXACT [FlyBase:FBrf0051437]",ChAT-GAL4,Grabe 2015 Table S2,unknown,,,positive,3,,,,Ir25a-T2A-QF2,direct,direct,direct,,,direct,direct
VP3,"Ir21a, Ir93a; Ir21a, (co Ir25a)","Ir21a, Ir93a","Ir21a, (co Ir25a)",,Arista,Arista,arista,,,No,No,No,Yes,cooling,thermo_hygro,unclear,FBbt_00003929,antennal lobe glomerulus VP3,"""antennal glomerulus VP3"" EXACT [] | ""cold glomerulus"" EXACT [FlyBase:FBrf0236232] | ""lateral PAP"" EXACT [FlyBase:FBrf0213085] | ""lateral proximal antennal protocerebrum"" EXACT [FlyBase:FBrf0213085] | ""PAL"" BROAD [FlyBase:FBrf0227880] | ""posterior antennal lobe"" BROAD [FlyBase:FBrf0227880] | ""VP3"" EXACT [FlyBase:FBrf0051437]",ChAT-GAL4,Grabe 2015 Table S2,unknown,,,positive,3,,,,Ir25a-T2A-QF2,direct,direct,direct,,,direct,direct
VP4,"Ir40a, Ir93a; Ir40a (co Ir25a); Ir40a","Ir40a, Ir93a",Ir40a (co Ir25a),Ir40a,"Sacculus, Chambers I + II; sacI and sacII; sacI","Sacculus, Chambers I + II",sacI and sacII,sacI,Ir25a,No,No,No,Yes,dry air,thermo_hygro,unclear,FBbt_00110865,antennal lobe glomerulus VP4,"""antennal glomerulus VP4"" EXACT [] | ""arm glomerulus"" EXACT [FlyBase:FBrf0236232] | ""dry glomerulus"" EXACT [FlyBase:FBrf0236232] | ""dry-air glomerulus"" EXACT [FlyBase:FBrf0236232]",,,negative,,,,,,,,Ir25a-T2A-QF2,direct,direct,direct,direct,direct,direct,direct
VP5,"Ir68a, Ir93a; Ir68a (co Ir25a? unclear)","Ir68a, Ir93a",Ir68a (co Ir25a? unclear),,"Sacculus, Chamber II; sacII","Sacculus, Chamber II",sacII,,,No,No,No,Yes,moist air,thermo_hygro,unclear,FBbt_00047223,antennal lobe glomerulus VP5,"""antennal glomerulus VP5"" EXACT [] | ""bean glomerulus"" EXACT [FlyBase:FBrf0236232] | ""humid glomerulus"" EXACT [FlyBase:FBrf0236232] | ""humid-air glomerulus"" EXACT [FlyBase:FBrf0236232] | ""humidity glomerulus"" EXACT [FlyBase:FBrf0236232]",,,,,,,,,,,Ir25a-T2A-QF2,,direct,direct,,,direct,direct
